{
  "best_model": "SVM",
  "all_models": [
    {
      "name": "Naive Bayes",
      "accuracy": 0.8652727947544229,
      "precision": 0.8598927875243665,
      "recall": 0.8728666831560722,
      "f1": 0.8663311648459555,
      "auc_roc": 0.9458152215172049,
      "cv_f1_mean": 0.860503636152315,
      "cv_f1_std": 0.0049713302411513866,
      "confusion_matrix": [
        [
          3465,
          575
        ],
        [
          514,
          3529
        ]
      ],
      "classification_report": {
        "Fake": {
          "precision": 0.8708218145262628,
          "recall": 0.8576732673267327,
          "f1-score": 0.8641975308641975,
          "support": 4040.0
        },
        "Real": {
          "precision": 0.8598927875243665,
          "recall": 0.8728666831560722,
          "f1-score": 0.8663311648459555,
          "support": 4043.0
        },
        "accuracy": 0.8652727947544229,
        "macro avg": {
          "precision": 0.8653573010253146,
          "recall": 0.8652699752414024,
          "f1-score": 0.8652643478550766,
          "support": 8083.0
        },
        "weighted avg": {
          "precision": 0.8653552728748132,
          "recall": 0.8652727947544229,
          "f1-score": 0.8652647438034833,
          "support": 8083.0
        }
      },
      "train_time_sec": 2.93
    },
    {
      "name": "Logistic Regression",
      "accuracy": 0.8936038599529877,
      "precision": 0.8948151823368891,
      "recall": 0.8921592876576799,
      "f1": 0.8934852613326728,
      "auc_roc": 0.9617047433162804,
      "cv_f1_mean": 0.8878794411068153,
      "cv_f1_std": 0.0027683695178784442,
      "confusion_matrix": [
        [
          3616,
          424
        ],
        [
          436,
          3607
        ]
      ],
      "classification_report": {
        "Fake": {
          "precision": 0.8923988153998026,
          "recall": 0.8950495049504951,
          "f1-score": 0.893722194760257,
          "support": 4040.0
        },
        "Real": {
          "precision": 0.8948151823368891,
          "recall": 0.8921592876576799,
          "f1-score": 0.8934852613326728,
          "support": 4043.0
        },
        "accuracy": 0.8936038599529877,
        "macro avg": {
          "precision": 0.8936069988683458,
          "recall": 0.8936043963040875,
          "f1-score": 0.8936037280464649,
          "support": 8083.0
        },
        "weighted avg": {
          "precision": 0.8936074472848257,
          "recall": 0.8936038599529877,
          "f1-score": 0.8936036840776239,
          "support": 8083.0
        }
      },
      "train_time_sec": 7.898
    },
    {
      "name": "Decision Tree",
      "accuracy": 0.6740071755536311,
      "precision": 0.6372319688109161,
      "recall": 0.8085580014840466,
      "f1": 0.7127439223809005,
      "auc_roc": 0.7352218906654454,
      "cv_f1_mean": 0.7159250825689146,
      "cv_f1_std": 0.0106054719517369,
      "confusion_matrix": [
        [
          2179,
          1861
        ],
        [
          774,
          3269
        ]
      ],
      "classification_report": {
        "Fake": {
          "precision": 0.7378936674568236,
          "recall": 0.5393564356435644,
          "f1-score": 0.6231946231946232,
          "support": 4040.0
        },
        "Real": {
          "precision": 0.6372319688109161,
          "recall": 0.8085580014840466,
          "f1-score": 0.7127439223809005,
          "support": 4043.0
        },
        "accuracy": 0.6740071755536311,
        "macro avg": {
          "precision": 0.6875628181338699,
          "recall": 0.6739572185638054,
          "f1-score": 0.6679692727877617,
          "support": 8083.0
        },
        "weighted avg": {
          "precision": 0.6875441378730796,
          "recall": 0.6740071755536311,
          "f1-score": 0.6679858908687688,
          "support": 8083.0
        }
      },
      "train_time_sec": 23.681
    },
    {
      "name": "Random Forest",
      "accuracy": 0.808486947915378,
      "precision": 0.7779015370906661,
      "recall": 0.8637150630719762,
      "f1": 0.8185654008438819,
      "auc_roc": 0.9019026284275717,
      "cv_f1_mean": 0.813734467541854,
      "cv_f1_std": 0.004409465001353735,
      "confusion_matrix": [
        [
          3043,
          997
        ],
        [
          551,
          3492
        ]
      ],
      "classification_report": {
        "Fake": {
          "precision": 0.8466889259877574,
          "recall": 0.7532178217821782,
          "f1-score": 0.7972229499607021,
          "support": 4040.0
        },
        "Real": {
          "precision": 0.7779015370906661,
          "recall": 0.8637150630719762,
          "f1-score": 0.8185654008438819,
          "support": 4043.0
        },
        "accuracy": 0.808486947915378,
        "macro avg": {
          "precision": 0.8122952315392118,
          "recall": 0.8084664424270772,
          "f1-score": 0.8078941754022919,
          "support": 8083.0
        },
        "weighted avg": {
          "precision": 0.8122824663427073,
          "recall": 0.808486947915378,
          "f1-score": 0.8078981360204195,
          "support": 8083.0
        }
      },
      "train_time_sec": 23.195
    },
    {
      "name": "SVM",
      "accuracy": 0.8971916367685265,
      "precision": 0.8955665024630541,
      "recall": 0.8993321790749443,
      "f1": 0.8974453905960755,
      "auc_roc": 0.9628682871997316,
      "cv_f1_mean": 0.8887808321118292,
      "cv_f1_std": 0.0037975527553062954,
      "confusion_matrix": [
        [
          3616,
          424
        ],
        [
          407,
          3636
        ]
      ],
      "classification_report": {
        "Fake": {
          "precision": 0.898831717623664,
          "recall": 0.8950495049504951,
          "f1-score": 0.896936624085328,
          "support": 4040.0
        },
        "Real": {
          "precision": 0.8955665024630541,
          "recall": 0.8993321790749443,
          "f1-score": 0.8974453905960755,
          "support": 4043.0
        },
        "accuracy": 0.8971916367685265,
        "macro avg": {
          "precision": 0.8971991100433591,
          "recall": 0.8971908420127197,
          "f1-score": 0.8971910073407018,
          "support": 8083.0
        },
        "weighted avg": {
          "precision": 0.8971985041021564,
          "recall": 0.8971916367685265,
          "f1-score": 0.8971911017548755,
          "support": 8083.0
        }
      },
      "train_time_sec": 1.732
    }
  ],
  "dataset_stats": {
    "total_rows": 40412,
    "train_rows": 32329,
    "test_rows": 8083,
    "fake_count": 20197,
    "real_count": 20215
  },
  "tfidf_config": {
    "max_features": 5000,
    "ngram_range": [
      1,
      2
    ],
    "vocab_size": 5000
  }
}